{
  "model": "both_cnn_deep_adam",
  "accuracy": 0.8244140625,
  "macro_precision": 0.8686216430894584,
  "macro_recall": 0.8246823471641849,
  "macro_f1": 0.8406609763743308,
  "auc_roc": 0.9717249910985138,
  "confusion_matrix": [
    [
      3845,
      45,
      30,
      21,
      27,
      15,
      36,
      30,
      44,
      140
    ],
    [
      1018,
      2059,
      15,
      23,
      16,
      9,
      23,
      26,
      15,
      13
    ],
    [
      138,
      28,
      2085,
      29,
      15,
      14,
      14,
      30,
      23,
      20
    ],
    [
      167,
      23,
      18,
      1984,
      13,
      21,
      22,
      31,
      21,
      17
    ],
    [
      245,
      44,
      8,
      11,
      1848,
      9,
      31,
      31,
      22,
      25
    ],
    [
      103,
      29,
      11,
      34,
      9,
      1767,
      38,
      21,
      15,
      16
    ],
    [
      176,
      44,
      5,
      15,
      11,
      11,
      1864,
      17,
      20,
      46
    ],
    [
      104,
      42,
      27,
      11,
      11,
      7,
      18,
      2110,
      15,
      13
    ],
    [
      295,
      56,
      19,
      32,
      10,
      12,
      27,
      27,
      1698,
      70
    ],
    [
      248,
      41,
      16,
      22,
      20,
      9,
      14,
      62,
      30,
      1845
    ]
  ],
  "parameters": 1440618
}